Name,Address,postalCode,waitingTime,geocodingData
ALEXANDRA HOSPITAL,ALEXANDRA HOSPITAL 378 ALEXANDRA ROAD ALEXANDRA HOSPITAL Singapore 159964,159964,1,"{   ""statename"" : {},   ""distance"" : ""0.000"",   ""elevation"" : ""37"",   ""osmtags"" : {      ""wikidata"" : ""Q2544592"",      ""source"" : ""https://www.cdc.org.sg/CentralSingapore/About_Us/Our_District"",      ""boundary"" : ""administrative"",      ""name"" : ""Central"",      ""ISO3166_2"" : ""SG-01"",      ""type"" : ""boundary"",      ""admin_level"" : ""6""   },   ""state"" : ""SG"",   ""latt"" : ""1.28860"",   ""city"" : ""Singapore"",   ""prov"" : ""SG"",   ""intersection"" : {      ""distance"" : ""0.048"",      ""xlat"" : ""1.288175"",      ""xlon"" : ""103.800015"",      ""street2"" : ""Sheltered Walkway"",      ""street1"" : ""Upper Heliconia Drive""   },   ""geocode"" : ""SIN-FLBYC"",   ""geonumber"" : ""5071983673278"",   ""country"" : ""Singapore"",   ""stnumber"" : ""378"",   ""staddress"" : ""ALEXANDRA ROAD"",   ""inlatt"" : ""1.28860"",   ""alt"" : {      ""loc"" : {         ""staddress"" : ""ALEXANDRA ROAD"",         ""stnumber"" : ""378"",         ""postal"" : ""159964"",         ""latt"" : ""1.28860"",         ""city"" : ""Singapore"",         ""prov"" : ""SG"",         ""longt"" : ""103.79997"",         ""class"" : {}      }   },   ""timezone"" : ""Asia/Singapore"",   ""region"" : ""Central Singapore"",   ""postal"" : ""159964"",   ""poi"" : {      ""wikidata"" : ""Q28221601"",      ""poilat"" : ""1.28952"",      ""religion"" : ""muslim"",      ""name"" : ""Masjid Hang Jebat"",      ""phone"" : ""64710728"",      ""addr_street"" : ""Jalan Hang Jebat"",      ""addr_postcode"" : ""139533"",      ""amenity"" : ""place_of_worship"",      ""poilon"" : ""103.79864"",      ""addr_housenumber"" : ""100"",      ""building"" : ""yes"",      ""id"" : ""295762388"",      ""poidist"" : ""0.180""   },   ""longt"" : ""103.79997"",   ""remaining_credits"" : {},   ""confidence"" : ""1"",   ""inlongt"" : ""103.79997"",   ""class"" : {},   ""adminareas"" : {      ""admin6"" : {         ""wikidata"" : ""Q2544592"",         ""source"" : ""https://www.cdc.org.sg/CentralSingapore/About_Us/Our_District"",         ""name"" : ""Central"",         ""ISO3166_2"" : ""SG-01"",         ""admin_level"" : ""6"",         ""level"" : ""6"",         ""boundary"" : ""administrative"",         ""type"" : ""boundary""      }   },   ""altgeocode"" : ""NINIP-FLBYC""}"
ANG MO KIO - THYE HUA KWAN HOSPITAL, 17 Ang Mo Kio Ave 9 Singapore 569766,569766,118,"{   ""statename"" : {},   ""distance"" : ""0.000"",   ""elevation"" : ""27"",   ""osmtags"" : {      ""wikipedia"" : ""en:North West Community Development Council"",      ""wikidata"" : ""Q5784118"",      ""source"" : ""https://www.cdc.org.sg/NorthWest/About_Us/Our_District"",      ""name"" : ""Northwest"",      ""name_zh"" : ""西北区"",      ""ISO3166_2"" : ""SG-03"",      ""admin_level"" : ""6"",      ""boundary"" : ""administrative"",      ""type"" : ""boundary""   },   ""state"" : ""SG"",   ""latt"" : ""1.38402"",   ""city"" : ""Singapore"",   ""prov"" : ""SG"",   ""geocode"" : ""SIN-WDRDG"",   ""geonumber"" : ""5071991311536"",   ""country"" : ""Singapore"",   ""stnumber"" : ""17"",   ""staddress"" : ""ANG MO KIO AVENUE 9"",   ""inlatt"" : ""1.38402"",   ""alt"" : {      ""loc"" : {         ""staddress"" : ""ANG MO KIO AVENUE 9"",         ""stnumber"" : ""17"",         ""postal"" : ""569766"",         ""latt"" : ""1.38402"",         ""city"" : ""Singapore"",         ""prov"" : ""SG"",         ""longt"" : ""103.84036"",         ""class"" : {}      }   },   ""timezone"" : ""Asia/Singapore"",   ""region"" : ""North East"",   ""postal"" : ""569766"",   ""poi"" : {      ""poilat"" : ""1.38397"",      ""name"" : ""Ang Mo Kio Community Hospital"",      ""amenity"" : ""hospital"",      ""poilon"" : ""103.84042"",      ""id"" : ""37410453"",      ""alt_name"" : ""Thye Hua Kwan Hospital"",      ""healthcare"" : ""hospital"",      ""poidist"" : ""0""   },   ""longt"" : ""103.84036"",   ""remaining_credits"" : {},   ""confidence"" : ""1"",   ""inlongt"" : ""103.84036"",   ""class"" : {},   ""adminareas"" : {      ""admin6"" : {         ""wikipedia"" : ""en:North West Community Development Council"",         ""wikidata"" : ""Q5784118"",         ""source"" : ""https://www.cdc.org.sg/NorthWest/About_Us/Our_District"",         ""name"" : ""Northwest"",         ""name_zh"" : ""西北区"",         ""ISO3166_2"" : ""SG-03"",         ""admin_level"" : ""6"",         ""level"" : ""6"",         ""boundary"" : ""administrative"",         ""type"" : ""boundary""      }   },   ""altgeocode"" : ""MOKIOSG-WDRDG""}"
BRIGHT VISION HOSPITAL, 5 LORONG NAPIRI Singapore 547530,547530,51,"{   ""statename"" : {},   ""distance"" : ""0.009"",   ""elevation"" : ""17"",   ""osmtags"" : {      ""wikidata"" : ""Q3710534"",      ""source"" : ""https://www.cdc.org.sg/NorthEast/About_Us/About_NECDC"",      ""boundary"" : ""administrative"",      ""name"" : ""Northeast"",      ""ISO3166_2"" : ""SG-02"",      ""type"" : ""boundary"",      ""admin_level"" : ""6""   },   ""state"" : {},   ""latt"" : ""1.37234"",   ""city"" : ""Singapore"",   ""prov"" : ""SG"",   ""intersection"" : {      ""distance"" : ""0.017"",      ""xlat"" : ""1.372435"",      ""xlon"" : ""103.87797"",      ""street2"" : ""LORONG NAPIRI"",      ""street1"" : ""Lor Napiri""   },   ""geocode"" : ""SIN-XANWV"",   ""geonumber"" : ""5071991713589"",   ""country"" : ""Singapore"",   ""stnumber"" : ""5"",   ""staddress"" : ""LORONG NAPIRI"",   ""inlatt"" : ""1.37228"",   ""alt"" : {      ""loc"" : {         ""staddress"" : ""LORONG NAPIRI"",         ""stnumber"" : ""5"",         ""postal"" : {},         ""latt"" : ""1.37228"",         ""city"" : ""Singapore"",         ""prov"" : {},         ""longt"" : ""103.87797"",         ""class"" : {}      }   },   ""timezone"" : ""Asia/Singapore"",   ""region"" : ""Central Singapore"",   ""postal"" : ""547530"",   ""poi"" : {      ""wikipedia"" : ""en:Bright Vision Hospital"",      ""website"" : ""http://www.bvh.org.sg/"",      ""email"" : ""enquiries@bvh.org.sg"",      ""poilon"" : ""103.878"",      ""fax"" : ""+65 6881 3872"",      ""id"" : ""117325081"",      ""wikidata"" : ""Q4967491"",      ""poilat"" : ""1.37215"",      ""name"" : ""Bright Vision Hospital"",      ""addr_postcode"" : ""547530"",      ""addr_street"" : ""Lor Napiri"",      ""phone"" : ""+65 6248 5755"",      ""amenity"" : ""hospital"",      ""addr_housenumber"" : ""5"",      ""addr_city"" : ""Singapore"",      ""poidist"" : ""0.015"",      ""healthcare"" : ""hospital""   },   ""longt"" : ""103.87802"",   ""remaining_credits"" : {},   ""confidence"" : ""1"",   ""inlongt"" : ""103.87797"",   ""class"" : {},   ""adminareas"" : {      ""admin6"" : {         ""wikidata"" : ""Q3710534"",         ""source"" : ""https://www.cdc.org.sg/NorthEast/About_Us/About_NECDC"",         ""name"" : ""Northeast"",         ""ISO3166_2"" : ""SG-02"",         ""admin_level"" : ""6"",         ""level"" : ""6"",         ""boundary"" : ""administrative"",         ""type"" : ""boundary""      }   },   ""altgeocode"" : ""MENTALOF-XANWV""}"
CHANGI GENERAL HOSPITAL, 2 SIMEI STREET 3 Singapore 529889,529889,47,"{   ""statename"" : {},   ""distance"" : ""0.000"",   ""elevation"" : ""15"",   ""osmtags"" : {      ""wikidata"" : ""Q1687545"",      ""source"" : ""https://www.cdc.org.sg/SouthEast/Who_We_Are/Introduction"",      ""boundary"" : ""administrative"",      ""name"" : ""Southeast"",      ""ISO3166_2"" : ""SG-04"",      ""type"" : ""boundary"",      ""admin_level"" : ""6""   },   ""state"" : ""SG"",   ""latt"" : ""1.34069"",   ""city"" : ""Singapore"",   ""prov"" : ""SG"",   ""intersection"" : {      ""distance"" : ""0.070"",      ""xlat"" : ""1.34038503344088"",      ""xlon"" : ""103.948801249517"",      ""street2"" : ""SIMEI STREET 3"",      ""street1"" : ""Simei Avenue""   },   ""geocode"" : ""SIN-BZREI"",   ""geonumber"" : ""5071982101740"",   ""country"" : ""Singapore"",   ""stnumber"" : ""2"",   ""staddress"" : ""SIMEI STREET 3"",   ""inlatt"" : ""1.34069"",   ""alt"" : {      ""loc"" : [         {            ""staddress"" : ""SIMEI STREET 3"",            ""stnumber"" : ""2"",            ""postal"" : ""529889"",            ""latt"" : ""1.34069006688176"",            ""city"" : ""Singapore"",            ""prov"" : ""SG"",            ""longt"" : ""103.949352499034"",            ""class"" : {}         },         {            ""staddress"" : ""SIMEI STREET 3"",            ""stnumber"" : ""2"",            ""postal"" : {},            ""dist"" : ""0.020"",            ""latt"" : ""1.34053"",            ""city"" : ""Singapore"",            ""prov"" : {},            ""longt"" : ""103.94944"",            ""class"" : {}         },         {            ""staddress"" : ""SIMEI STREET 3"",            ""stnumber"" : ""2"",            ""postal"" : ""529889"",            ""dist"" : ""0.000"",            ""latt"" : ""1.34069006688176"",            ""city"" : ""Singapore"",            ""prov"" : ""SG"",            ""longt"" : ""103.949352499034"",            ""class"" : {}         }      ]   },   ""timezone"" : ""Asia/Singapore"",   ""region"" : {},   ""postal"" : ""529889"",   ""poi"" : {      ""poilat"" : ""1.34045"",      ""addr_country"" : ""SG"",      ""name"" : ""UOB"",      ""branch"" : ""Changi General Hospital"",      ""addr_street"" : ""Simei Street 3"",      ""addr_postcode"" : ""529889"",      ""amenity"" : ""atm"",      ""poilon"" : ""103.94905"",      ""addr_city"" : ""Singapore"",      ""addr_housenumber"" : ""2"",      ""id"" : ""4869134194"",      ""poidist"" : ""0.043""   },   ""longt"" : ""103.94935"",   ""remaining_credits"" : {},   ""confidence"" : ""0.9"",   ""inlongt"" : ""103.94935"",   ""class"" : {},   ""adminareas"" : {      ""admin6"" : {         ""wikidata"" : ""Q1687545"",         ""source"" : ""https://www.cdc.org.sg/SouthEast/Who_We_Are/Introduction"",         ""name"" : ""Southeast"",         ""ISO3166_2"" : ""SG-04"",         ""admin_level"" : ""6"",         ""level"" : ""6"",         ""boundary"" : ""administrative"",         ""type"" : ""boundary""      }   },   ""altgeocode"" : ""SIMEIN-BZREI""}"
COMPLEX MEDICAL CENTRE, 982 UPPER CHANGI ROAD NORTH Singapore 507709,507709,32,"{   ""statename"" : {},   ""distance"" : ""0.001"",   ""elevation"" : ""23"",   ""osmtags"" : {      ""wikidata"" : ""Q1687545"",      ""source"" : ""https://www.cdc.org.sg/SouthEast/Who_We_Are/Introduction"",      ""boundary"" : ""administrative"",      ""name"" : ""Southeast"",      ""ISO3166_2"" : ""SG-04"",      ""type"" : ""boundary"",      ""admin_level"" : ""6""   },   ""state"" : ""SG"",   ""latt"" : ""1.35803"",   ""city"" : ""Singapore"",   ""prov"" : ""SG"",   ""geocode"" : ""SIN-YSTDJ"",   ""geonumber"" : ""5071992490483"",   ""country"" : ""Singapore"",   ""stnumber"" : ""986"",   ""staddress"" : ""UPPER CHANGI ROAD NORTH"",   ""inlatt"" : ""1.35803"",   ""alt"" : {      ""loc"" : {         ""staddress"" : ""UPPER CHANGI ROAD NORTH"",         ""stnumber"" : ""986"",         ""postal"" : ""506991"",         ""latt"" : ""1.35803"",         ""city"" : ""Singapore"",         ""prov"" : ""SG"",         ""longt"" : ""103.97133"",         ""class"" : {}      }   },   ""timezone"" : ""Asia/Singapore"",   ""region"" : {},   ""postal"" : ""506991"",   ""poi"" : {      ""wikidata"" : ""Q1763931"",      ""poilat"" : ""1.35771"",      ""barrier"" : ""wall"",      ""name_zh"" : ""樟宜监狱中心"",      ""name_ms"" : ""Kompleks Penjara Changi"",      ""name"" : ""Changi Prison Complex"",      ""amenity"" : ""prison"",      ""name_ta"" : ""சாங்கி சிறைச்சாலை வளாகம்"",      ""poilon"" : ""103.97217"",      ""id"" : ""42063719"",      ""poidist"" : ""0.100"",      ""name_en"" : ""Changi Prison Complex""   },   ""longt"" : ""103.97133"",   ""remaining_credits"" : {},   ""confidence"" : ""1"",   ""inlongt"" : ""103.97133"",   ""class"" : {},   ""adminareas"" : {      ""admin6"" : {         ""wikidata"" : ""Q1687545"",         ""source"" : ""https://www.cdc.org.sg/SouthEast/Who_We_Are/Introduction"",         ""name"" : ""Southeast"",         ""ISO3166_2"" : ""SG-04"",         ""admin_level"" : ""6"",         ""level"" : ""6"",         ""boundary"" : ""administrative"",         ""type"" : ""boundary""      }   },   ""altgeocode"" : ""YANKITSG-YSTDJ""}"
CONCORD INTERNATIONAL HOSPITAL, 19 Adam Road Singapore 289891,289891,117,"{   ""statename"" : {},   ""distance"" : ""0.000"",   ""elevation"" : ""33"",   ""osmtags"" : {      ""wikidata"" : ""Q2544592"",      ""source"" : ""https://www.cdc.org.sg/CentralSingapore/About_Us/Our_District"",      ""boundary"" : ""administrative"",      ""name"" : ""Central"",      ""ISO3166_2"" : ""SG-01"",      ""type"" : ""boundary"",      ""admin_level"" : ""6""   },   ""state"" : ""SG"",   ""latt"" : ""1.32680"",   ""city"" : ""Singapore"",   ""prov"" : ""SG"",   ""intersection"" : {      ""distance"" : ""0.109"",      ""xlat"" : ""1.32696"",      ""xlon"" : ""103.814285"",      ""street2"" : ""ADAM ROAD"",      ""street1"" : ""CHEE HOON AVENUE""   },   ""geocode"" : ""SIN-EUHLH"",   ""geonumber"" : ""5071983378209"",   ""country"" : ""Singapore"",   ""stnumber"" : ""19"",   ""staddress"" : ""ADAM ROAD"",   ""inlatt"" : ""1.32680"",   ""alt"" : {      ""loc"" : {         ""staddress"" : ""ADAM ROAD"",         ""stnumber"" : ""19"",         ""postal"" : ""289891"",         ""latt"" : ""1.32680"",         ""city"" : ""Singapore"",         ""prov"" : ""SG"",         ""longt"" : ""103.81332"",         ""class"" : {}      }   },   ""timezone"" : ""Asia/Singapore"",   ""region"" : {},   ""postal"" : ""289891"",   ""poi"" : {      ""source"" : ""KG Ground Survey 2016"",      ""poilat"" : ""1.32709"",      ""building_levels"" : ""8"",      ""name"" : ""Concord Cancer Hospital"",      ""addr_street"" : ""Adam Road"",      ""amenity"" : ""clinic"",      ""poilon"" : ""103.81329"",      ""building"" : ""yes"",      ""id"" : ""452274229"",      ""poidist"" : ""0.032""   },   ""longt"" : ""103.81332"",   ""remaining_credits"" : {},   ""confidence"" : ""1"",   ""inlongt"" : ""103.81332"",   ""class"" : {},   ""adminareas"" : {      ""admin6"" : {         ""wikidata"" : ""Q2544592"",         ""source"" : ""https://www.cdc.org.sg/CentralSingapore/About_Us/Our_District"",         ""name"" : ""Central"",         ""ISO3166_2"" : ""SG-01"",         ""admin_level"" : ""6"",         ""level"" : ""6"",         ""boundary"" : ""administrative"",         ""type"" : ""boundary""      }   },   ""altgeocode"" : ""WATTENES-EUHLH""}"
FARRER PARK HOSPITAL,"Connexion #01-21&amp;22,#02-01,#03-21,#04-21,#04- 1 FARRER PARK STATION ROAD,, #08-21-09-21,10-21,11-5-8, Connexion #01-21&amp;22,#02-01,#03-21,#04-21,#04- Singapore 217562",217562,42,"{   ""statename"" : {},   ""distance"" : ""0.005"",   ""elevation"" : ""14"",   ""osmtags"" : {      ""wikidata"" : ""Q2544592"",      ""source"" : ""https://www.cdc.org.sg/CentralSingapore/About_Us/Our_District"",      ""boundary"" : ""administrative"",      ""name"" : ""Central"",      ""ISO3166_2"" : ""SG-01"",      ""type"" : ""boundary"",      ""admin_level"" : ""6""   },   ""state"" : ""SG"",   ""latt"" : ""1.31240"",   ""city"" : ""Singapore"",   ""prov"" : ""SG"",   ""intersection"" : {      ""distance"" : ""0.037"",      ""xlat"" : ""1.312315"",      ""xlon"" : ""103.854245"",      ""street2"" : ""RACE COURSE ROAD"",      ""street1"" : ""Farrer Park Station Road""   },   ""geocode"" : ""SIN-EKYLH"",   ""geonumber"" : ""5071983213941"",   ""country"" : ""Singapore"",   ""stnumber"" : ""1"",   ""staddress"" : ""Farrer Park Station Rd"",   ""inlatt"" : ""1.31244"",   ""alt"" : {      ""loc"" : {         ""staddress"" : ""Farrer Park Station Rd"",         ""stnumber"" : ""1"",         ""postal"" : ""217562"",         ""latt"" : ""1.31244"",         ""city"" : ""Singapore"",         ""prov"" : ""SG"",         ""longt"" : ""103.85394"",         ""class"" : {}      }   },   ""timezone"" : ""Asia/Singapore"",   ""region"" : ""Central Singapore"",   ""postal"" : ""217562"",   ""poi"" : {      ""poilat"" : ""1.3124"",      ""addr_country"" : ""SG"",      ""name"" : ""UOB"",      ""phone"" : ""1800 222 2121"",      ""branch"" : ""Connexion"",      ""addr_street"" : ""Farrer Park Station Rd"",      ""addr_postcode"" : ""217562"",      ""amenity"" : ""atm"",      ""poilon"" : ""103.85395"",      ""addr_city"" : ""Singapore"",      ""addr_housenumber"" : ""1"",      ""id"" : ""4869131485"",      ""poidist"" : ""0""   },   ""longt"" : ""103.85395"",   ""remaining_credits"" : {},   ""confidence"" : ""1"",   ""inlongt"" : ""103.85394"",   ""class"" : {},   ""adminareas"" : {      ""admin6"" : {         ""wikidata"" : ""Q2544592"",         ""source"" : ""https://www.cdc.org.sg/CentralSingapore/About_Us/Our_District"",         ""name"" : ""Central"",         ""ISO3166_2"" : ""SG-01"",         ""admin_level"" : ""6"",         ""level"" : ""6"",         ""boundary"" : ""administrative"",         ""type"" : ""boundary""      }   },   ""altgeocode"" : ""AQUEEN-EKYLH""}"
GLENEAGLES HOSPITAL, 6A Napier Road Singapore 258500,258500,37,"{   ""statename"" : {},   ""distance"" : ""0.000"",   ""elevation"" : ""28"",   ""osmtags"" : {      ""wikidata"" : ""Q2544592"",      ""source"" : ""https://www.cdc.org.sg/CentralSingapore/About_Us/Our_District"",      ""boundary"" : ""administrative"",      ""name"" : ""Central"",      ""ISO3166_2"" : ""SG-01"",      ""type"" : ""boundary"",      ""admin_level"" : ""6""   },   ""state"" : ""SG"",   ""latt"" : ""1.30736"",   ""city"" : ""Singapore"",   ""prov"" : ""SG"",   ""intersection"" : {      ""distance"" : ""0.073"",      ""xlat"" : ""1.307975"",      ""xlon"" : ""103.81964"",      ""street2"" : ""NAPIER ROAD"",      ""street1"" : ""TAMAN SERASI""   },   ""geocode"" : ""SIN-FGGXU"",   ""geonumber"" : ""5071983588770"",   ""country"" : ""Singapore"",   ""stnumber"" : ""6"",   ""staddress"" : ""NAPIER ROAD"",   ""inlatt"" : ""1.30736"",   ""alt"" : {      ""loc"" : {         ""staddress"" : ""NAPIER ROAD"",         ""stnumber"" : ""6"",         ""postal"" : ""258500"",         ""latt"" : ""1.30736"",         ""city"" : ""Singapore"",         ""prov"" : ""SG"",         ""longt"" : ""103.81942"",         ""class"" : {}      }   },   ""timezone"" : ""Asia/Singapore"",   ""region"" : {},   ""postal"" : ""258500"",   ""poi"" : {      ""wikipedia"" : ""en:Gleneagles_Hospital"",      ""website"" : ""https://www.gleneagles.com.sg/"",      ""contact_whatsapp"" : ""+65 8111 9777"",      ""emergency"" : ""yes"",      ""poilon"" : ""103.81991"",      ""start_date"" : ""1957"",      ""id"" : ""41890511"",      ""wikidata"" : ""Q14874254"",      ""poilat"" : ""1.30753"",      ""name"" : ""Gleneagles Hospital"",      ""addr_street"" : ""Napier Road"",      ""contact_facebook"" : ""https://www.facebook.com/GleneaglesHospitalSingapore"",      ""phone"" : ""+65 6575 7575"",      ""amenity"" : ""hospital"",      ""addr_housenumber"" : ""6"",      ""addr_city"" : ""Singapore"",      ""poidist"" : ""0.058"",      ""healthcare"" : ""hospital""   },   ""longt"" : ""103.81942"",   ""remaining_credits"" : {},   ""confidence"" : ""1"",   ""inlongt"" : ""103.81942"",   ""class"" : {},   ""adminareas"" : {      ""admin6"" : {         ""wikidata"" : ""Q2544592"",         ""source"" : ""https://www.cdc.org.sg/CentralSingapore/About_Us/Our_District"",         ""name"" : ""Central"",         ""ISO3166_2"" : ""SG-01"",         ""admin_level"" : ""6"",         ""level"" : ""6"",         ""boundary"" : ""administrative"",         ""type"" : ""boundary""      }   },   ""altgeocode"" : ""EDENHALLSG-FGGXU""}"
INSTITUTE OF MENTAL HEALTH / WOODBRIDGE HOSPITAL, 10 BUANGKOK VIEW Singapore 539747,539747,4,"{   ""statename"" : {},   ""distance"" : ""0.000"",   ""elevation"" : ""17"",   ""osmtags"" : {      ""wikidata"" : ""Q3710534"",      ""source"" : ""https://www.cdc.org.sg/NorthEast/About_Us/About_NECDC"",      ""boundary"" : ""administrative"",      ""name"" : ""Northeast"",      ""ISO3166_2"" : ""SG-02"",      ""type"" : ""boundary"",      ""admin_level"" : ""6""   },   ""state"" : ""SG"",   ""latt"" : ""1.38170"",   ""city"" : ""Singapore"",   ""prov"" : ""SG"",   ""geocode"" : ""SIN-XBBIS"",   ""geonumber"" : ""5071991722686"",   ""country"" : ""Singapore"",   ""stnumber"" : ""10"",   ""staddress"" : ""BUANGKOK VIEW"",   ""inlatt"" : ""1.38170"",   ""alt"" : {      ""loc"" : {         ""staddress"" : ""BUANGKOK VIEW"",         ""stnumber"" : ""10"",         ""postal"" : ""539747"",         ""latt"" : ""1.38170"",         ""city"" : ""Singapore"",         ""prov"" : ""SG"",         ""longt"" : ""103.88629"",         ""class"" : {}      }   },   ""timezone"" : ""Asia/Singapore"",   ""region"" : ""Central Singapore"",   ""postal"" : ""539747"",   ""poi"" : {      ""amenity"" : ""hospital"",      ""poilat"" : ""1.38208"",      ""poilon"" : ""103.88595"",      ""name"" : ""Ren Ci Hospital"",      ""building"" : ""yes"",      ""id"" : ""34587438"",      ""poidist"" : ""0.057""   },   ""longt"" : ""103.88629"",   ""remaining_credits"" : {},   ""confidence"" : ""1"",   ""inlongt"" : ""103.88629"",   ""class"" : {},   ""adminareas"" : {      ""admin6"" : {         ""wikidata"" : ""Q3710534"",         ""source"" : ""https://www.cdc.org.sg/NorthEast/About_Us/About_NECDC"",         ""name"" : ""Northeast"",         ""ISO3166_2"" : ""SG-02"",         ""admin_level"" : ""6"",         ""level"" : ""6"",         ""boundary"" : ""administrative"",         ""type"" : ""boundary""      }   },   ""altgeocode"" : ""MENTALOF-XBBIS""}"
JURONG COMMUNITY HOSPITAL, 1 JURONG EAST STREET 21 Singapore 609606,609606,24,"{   ""statename"" : {},   ""distance"" : ""0.000"",   ""elevation"" : ""11"",   ""osmtags"" : {      ""wikipedia"" : ""en:South West Community Development Council"",      ""wikidata"" : ""Q5784126"",      ""source"" : ""https://cdc.org.sg/SouthWest/About-Us/About-the-CDC"",      ""name"" : ""Southwest"",      ""name_zh"" : ""西南区"",      ""ISO3166_2"" : ""SG-05"",      ""admin_level"" : ""6"",      ""boundary"" : ""administrative"",      ""type"" : ""boundary""   },   ""state"" : ""SG"",   ""latt"" : ""1.33553"",   ""city"" : ""Singapore"",   ""prov"" : ""SG"",   ""intersection"" : {      ""distance"" : ""0.118"",      ""xlat"" : ""1.334465"",      ""xlon"" : ""103.743875"",      ""street2"" : ""Boon Lay Way"",      ""street1"" : ""J-Walk""   },   ""geocode"" : ""SIN-MPRGC"",   ""geonumber"" : ""5071986952762"",   ""country"" : ""Singapore"",   ""stnumber"" : ""1"",   ""staddress"" : ""JURONG EAST STREET 21"",   ""inlatt"" : ""1.33553"",   ""alt"" : {      ""loc"" : {         ""staddress"" : ""JURONG EAST STREET 21"",         ""stnumber"" : ""1"",         ""postal"" : ""609606"",         ""latt"" : ""1.33553"",         ""city"" : ""Singapore"",         ""prov"" : ""SG"",         ""longt"" : ""103.74387"",         ""class"" : {}      }   },   ""timezone"" : ""Asia/Singapore"",   ""region"" : {},   ""postal"" : ""609606"",   ""poi"" : {      ""wikipedia"" : ""en:Westgate (Singapore)"",      ""addr_country"" : ""SG"",      ""operator"" : ""CapitalMall Asia"",      ""poilon"" : ""103.7428"",      ""building_material"" : ""stone"",      ""id"" : ""158234014"",      ""name_en"" : ""Westgate"",      ""wikidata"" : ""Q17054930"",      ""poilat"" : ""1.33441"",      ""opening_hours"" : ""Mo-Su,PH 10:00-22:00"",      ""building_levels"" : ""5"",      ""name"" : ""Westgate"",      ""addr_postcode"" : ""608532"",      ""addr_street"" : ""Gateway Drive"",      ""building_colour"" : ""#8b7f79"",      ""shop"" : ""mall"",      ""addr_housenumber"" : ""3"",      ""addr_city"" : ""Singapore"",      ""building"" : ""yes"",      ""poidist"" : ""0.172""   },   ""longt"" : ""103.74387"",   ""remaining_credits"" : {},   ""confidence"" : ""1"",   ""inlongt"" : ""103.74387"",   ""class"" : {},   ""adminareas"" : {      ""admin6"" : {         ""wikipedia"" : ""en:South West Community Development Council"",         ""wikidata"" : ""Q5784126"",         ""source"" : ""https://cdc.org.sg/SouthWest/About-Us/About-the-CDC"",         ""name"" : ""Southwest"",         ""name_zh"" : ""西南区"",         ""ISO3166_2"" : ""SG-05"",         ""admin_level"" : ""6"",         ""level"" : ""6"",         ""boundary"" : ""administrative"",         ""type"" : ""boundary""      }   },   ""altgeocode"" : ""TERJUSG-MPRGC""}"
KHOO TECK PUAT HOSPITAL, 90 YISHUN CENTRAL Singapore 768828,768828,65,"{   ""statename"" : {},   ""distance"" : ""0.000"",   ""elevation"" : ""15"",   ""osmtags"" : {      ""wikipedia"" : ""en:North West Community Development Council"",      ""wikidata"" : ""Q5784118"",      ""source"" : ""https://www.cdc.org.sg/NorthWest/About_Us/Our_District"",      ""name"" : ""Northwest"",      ""name_zh"" : ""西北区"",      ""ISO3166_2"" : ""SG-03"",      ""admin_level"" : ""6"",      ""boundary"" : ""administrative"",      ""type"" : ""boundary""   },   ""state"" : ""SG"",   ""latt"" : ""1.42386"",   ""city"" : ""Singapore"",   ""prov"" : ""SG"",   ""intersection"" : {      ""distance"" : ""0.076"",      ""xlat"" : ""1.42348"",      ""xlon"" : ""103.83898"",      ""street2"" : ""Yishun Central"",      ""street1"" : ""YISHUN AVENUE 4""   },   ""geocode"" : ""SIN-URIQN"",   ""geonumber"" : ""5071990637909"",   ""country"" : ""Singapore"",   ""stnumber"" : ""90"",   ""staddress"" : ""YISHUN CENTRAL"",   ""inlatt"" : ""1.42386"",   ""alt"" : {      ""loc"" : {         ""staddress"" : ""YISHUN CENTRAL"",         ""stnumber"" : ""90"",         ""postal"" : ""768828"",         ""latt"" : ""1.42386"",         ""city"" : ""Singapore"",         ""prov"" : ""SG"",         ""longt"" : ""103.83841"",         ""class"" : {}      }   },   ""timezone"" : ""Asia/Singapore"",   ""region"" : {},   ""postal"" : ""768828"",   ""poi"" : {      ""source"" : ""Kaart Ground Survey 2017"",      ""poilat"" : ""1.42331"",      ""name"" : ""McDonald's"",      ""brand"" : ""McDonald's"",      ""addr_street"" : ""Yishun Avenue 4"",      ""drive_through"" : ""yes"",      ""brand_wikipedia"" : ""en:McDonald's"",      ""amenity"" : ""fast_food"",      ""poilon"" : ""103.84099"",      ""takeaway"" : ""yes"",      ""building"" : ""yes"",      ""id"" : ""478138564"",      ""brand_wikidata"" : ""Q38076"",      ""poidist"" : ""0.293"",      ""cuisine"" : ""burger""   },   ""longt"" : ""103.83841"",   ""remaining_credits"" : {},   ""confidence"" : ""1"",   ""inlongt"" : ""103.83841"",   ""class"" : {},   ""adminareas"" : {      ""admin6"" : {         ""wikipedia"" : ""en:North West Community Development Council"",         ""wikidata"" : ""Q5784118"",         ""source"" : ""https://www.cdc.org.sg/NorthWest/About_Us/Our_District"",         ""name"" : ""Northwest"",         ""name_zh"" : ""西北区"",         ""ISO3166_2"" : ""SG-03"",         ""admin_level"" : ""6"",         ""level"" : ""6"",         ""boundary"" : ""administrative"",         ""type"" : ""boundary""      }   },   ""altgeocode"" : ""NEESOON-URIQN""}"
KK WOMEN'S AND CHILDREN'S HOSPITAL, 100 BUKIT TIMAH ROAD Singapore 229899,229899,19,"{   ""statename"" : {},   ""distance"" : ""0.000"",   ""elevation"" : ""26"",   ""osmtags"" : {      ""wikidata"" : ""Q2544592"",      ""source"" : ""https://www.cdc.org.sg/CentralSingapore/About_Us/Our_District"",      ""boundary"" : ""administrative"",      ""name"" : ""Central"",      ""ISO3166_2"" : ""SG-01"",      ""type"" : ""boundary"",      ""admin_level"" : ""6""   },   ""state"" : ""SG"",   ""latt"" : ""1.31045"",   ""city"" : ""Singapore"",   ""prov"" : ""SG"",   ""intersection"" : {      ""distance"" : ""0.142"",      ""xlat"" : ""1.31062"",      ""xlon"" : ""103.84792"",      ""street2"" : ""Hampshire Road"",      ""street1"" : ""Kampong Java Road""   },   ""geocode"" : ""SIN-ELCRS"",   ""geonumber"" : ""5071983216812"",   ""country"" : ""Singapore"",   ""stnumber"" : ""100"",   ""staddress"" : ""BUKIT TIMAH ROAD"",   ""inlatt"" : ""1.31045"",   ""alt"" : {      ""loc"" : {         ""staddress"" : ""BUKIT TIMAH ROAD"",         ""stnumber"" : ""100"",         ""postal"" : ""229899"",         ""latt"" : ""1.31045"",         ""city"" : ""Singapore"",         ""prov"" : ""SG"",         ""longt"" : ""103.84665"",         ""class"" : {}      }   },   ""timezone"" : ""Asia/Singapore"",   ""region"" : {},   ""postal"" : ""229899"",   ""poi"" : {      ""wikidata"" : ""Q6332329"",      ""building_part"" : ""yes"",      ""poilat"" : ""1.31063"",      ""building_levels"" : ""2"",      ""name"" : ""Kandang Kerbau Women's and Children's Hospital"",      ""amenity"" : ""hospital"",      ""emergency"" : ""yes"",      ""poilon"" : ""103.84648"",      ""building"" : ""yes"",      ""id"" : ""41663272"",      ""alt_name"" : ""KK Hospital"",      ""poidist"" : ""0.028""   },   ""longt"" : ""103.84665"",   ""remaining_credits"" : {},   ""confidence"" : ""1"",   ""inlongt"" : ""103.84665"",   ""class"" : {},   ""adminareas"" : {      ""admin6"" : {         ""wikidata"" : ""Q2544592"",         ""source"" : ""https://www.cdc.org.sg/CentralSingapore/About_Us/Our_District"",         ""name"" : ""Central"",         ""ISO3166_2"" : ""SG-01"",         ""admin_level"" : ""6"",         ""level"" : ""6"",         ""boundary"" : ""administrative"",         ""type"" : ""boundary""      }   },   ""altgeocode"" : ""ILYPARK-ELCRS""}"
MOUNT ALVERNIA HOSPITAL, 820 THOMSON ROAD Singapore 574623,574623,40,"{   ""statename"" : {},   ""distance"" : ""0.000"",   ""elevation"" : ""26"",   ""osmtags"" : {      ""wikidata"" : ""Q2544592"",      ""source"" : ""https://www.cdc.org.sg/CentralSingapore/About_Us/Our_District"",      ""boundary"" : ""administrative"",      ""name"" : ""Central"",      ""ISO3166_2"" : ""SG-01"",      ""type"" : ""boundary"",      ""admin_level"" : ""6""   },   ""state"" : ""SG"",   ""latt"" : ""1.34125"",   ""city"" : ""Caldecott Hill Estate"",   ""prov"" : ""SG"",   ""intersection"" : {      ""distance"" : ""0.074"",      ""xlat"" : ""1.34179"",      ""xlon"" : ""103.836275"",      ""street2"" : ""Thomson Road"",      ""street1"" : ""MacRitchie Viaduct""   },   ""geocode"" : ""SIN-VYTUC"",   ""geonumber"" : ""5071991225446"",   ""country"" : ""Singapore"",   ""stnumber"" : ""820"",   ""staddress"" : ""Thomson Road"",   ""inlatt"" : ""1.34125"",   ""alt"" : {      ""loc"" : {         ""staddress"" : ""Thomson Road"",         ""stnumber"" : ""820"",         ""postal"" : ""574623"",         ""latt"" : ""1.34125"",         ""city"" : ""Caldecott Hill Estate"",         ""prov"" : ""SG"",         ""longt"" : ""103.83667"",         ""class"" : {}      }   },   ""timezone"" : ""Asia/Singapore"",   ""region"" : ""Central Singapore"",   ""postal"" : ""574623"",   ""poi"" : {      ""wikidata"" : ""Q6919390"",      ""poilat"" : ""1.3418"",      ""name"" : ""Mount Alvernia Hospital"",      ""addr_street"" : ""Thomson Road"",      ""addr_postcode"" : ""574623"",      ""amenity"" : ""hospital"",      ""emergency"" : ""yes"",      ""poilon"" : ""103.83747"",      ""addr_housenumber"" : ""820"",      ""id"" : ""74715098"",      ""poidist"" : ""0.108"",      ""healthcare"" : ""hospital""   },   ""longt"" : ""103.83667"",   ""remaining_credits"" : {},   ""confidence"" : ""1"",   ""inlongt"" : ""103.83667"",   ""class"" : {},   ""adminareas"" : {      ""admin6"" : {         ""wikidata"" : ""Q2544592"",         ""source"" : ""https://www.cdc.org.sg/CentralSingapore/About_Us/Our_District"",         ""name"" : ""Central"",         ""ISO3166_2"" : ""SG-01"",         ""admin_level"" : ""6"",         ""level"" : ""6"",         ""boundary"" : ""administrative"",         ""type"" : ""boundary""      }   },   ""altgeocode"" : ""OTTHI-VYTUC""}"
MOUNT ELIZABETH HOSPITAL, 3 Mount Elizabeth Singapore 228510,228510,105,"{   ""statename"" : {},   ""distance"" : ""0.005"",   ""elevation"" : ""38"",   ""osmtags"" : {      ""wikidata"" : ""Q2544592"",      ""source"" : ""https://www.cdc.org.sg/CentralSingapore/About_Us/Our_District"",      ""boundary"" : ""administrative"",      ""name"" : ""Central"",      ""ISO3166_2"" : ""SG-01"",      ""type"" : ""boundary"",      ""admin_level"" : ""6""   },   ""state"" : ""SG"",   ""latt"" : ""1.30541"",   ""city"" : ""Singapore"",   ""prov"" : ""SG"",   ""geocode"" : ""SIN-EODEP"",   ""geonumber"" : ""5071983269875"",   ""country"" : ""Singapore"",   ""stnumber"" : ""3"",   ""staddress"" : ""MOUNT ELIZABETH"",   ""inlatt"" : ""1.30543"",   ""alt"" : {      ""loc"" : [         {            ""staddress"" : ""Mount Elizabeth Medical Centre"",            ""stnumber"" : ""3"",            ""postal"" : ""228510"",            ""latt"" : ""1.30543"",            ""city"" : ""Singapore"",            ""prov"" : ""SG"",            ""longt"" : ""103.83551"",            ""class"" : {}         },         {            ""staddress"" : ""MOUNT ELIZABETH"",            ""stnumber"" : ""3"",            ""postal"" : ""228510"",            ""latt"" : ""1.30543"",            ""city"" : ""Singapore"",            ""prov"" : ""SG"",            ""longt"" : ""103.83551"",            ""class"" : {}         }      ]   },   ""timezone"" : ""Asia/Singapore"",   ""region"" : {},   ""postal"" : ""228510"",   ""poi"" : {      ""poilat"" : ""1.30544"",      ""addr_country"" : ""SG"",      ""name"" : ""UOB"",      ""phone"" : ""1800 222 9889"",      ""branch"" : ""Mount Elizabeth"",      ""addr_street"" : ""Mount Elizabeth Medical Centre"",      ""addr_postcode"" : ""228510"",      ""amenity"" : ""bank"",      ""poilon"" : ""103.83555"",      ""addr_city"" : ""Singapore"",      ""addr_housenumber"" : ""3"",      ""addr_unit"" : ""#01-03/05"",      ""id"" : ""4869134406"",      ""poidist"" : ""0""   },   ""longt"" : ""103.83547"",   ""remaining_credits"" : {},   ""confidence"" : ""1"",   ""inlongt"" : ""103.83551"",   ""class"" : {},   ""adminareas"" : {      ""admin6"" : {         ""wikidata"" : ""Q2544592"",         ""source"" : ""https://www.cdc.org.sg/CentralSingapore/About_Us/Our_District"",         ""name"" : ""Central"",         ""ISO3166_2"" : ""SG-01"",         ""admin_level"" : ""6"",         ""level"" : ""6"",         ""boundary"" : ""administrative"",         ""type"" : ""boundary""      }   },   ""altgeocode"" : ""ORCHARDSG-EODEP""}"
MOUNT ELIZABETH NOVENA HOSPITAL, 38 Irrawaddy Road Singapore 329563,329563,116,"{   ""statename"" : {},   ""distance"" : ""0.002"",   ""elevation"" : ""12"",   ""osmtags"" : {      ""wikidata"" : ""Q2544592"",      ""source"" : ""https://www.cdc.org.sg/CentralSingapore/About_Us/Our_District"",      ""boundary"" : ""administrative"",      ""name"" : ""Central"",      ""ISO3166_2"" : ""SG-01"",      ""type"" : ""boundary"",      ""admin_level"" : ""6""   },   ""state"" : ""SG"",   ""latt"" : ""1.32211"",   ""city"" : ""Singapore"",   ""prov"" : ""SG"",   ""geocode"" : ""SIN-EQKVM"",   ""geonumber"" : ""5071983310198"",   ""country"" : ""Singapore"",   ""stnumber"" : ""38"",   ""staddress"" : ""IRRAWADDY ROAD"",   ""inlatt"" : ""1.32212"",   ""alt"" : {      ""loc"" : {         ""staddress"" : ""IRRAWADDY ROAD"",         ""stnumber"" : ""38"",         ""postal"" : ""329563"",         ""latt"" : ""1.32212"",         ""city"" : ""Singapore"",         ""prov"" : ""SG"",         ""longt"" : ""103.84431"",         ""class"" : {}      }   },   ""timezone"" : ""Asia/Singapore"",   ""region"" : ""Central Singapore"",   ""postal"" : ""329563"",   ""poi"" : {      ""poilat"" : ""1.3219"",      ""website"" : ""https://www.mountelizabeth.com.sg/"",      ""name"" : ""Mount Elizabeth Novena Hospital"",      ""phone"" : ""+65 69330000"",      ""amenity"" : ""hospital"",      ""email"" : ""mnpac@parkwaypantai.com"",      ""poilon"" : ""103.84409"",      ""id"" : ""260549167"",      ""poidist"" : ""0.035"",      ""healthcare"" : ""hospital""   },   ""longt"" : ""103.84432"",   ""remaining_credits"" : {},   ""confidence"" : ""1"",   ""inlongt"" : ""103.84431"",   ""class"" : {},   ""adminareas"" : {      ""admin6"" : {         ""wikidata"" : ""Q2544592"",         ""source"" : ""https://www.cdc.org.sg/CentralSingapore/About_Us/Our_District"",         ""name"" : ""Central"",         ""ISO3166_2"" : ""SG-01"",         ""admin_level"" : ""6"",         ""level"" : ""6"",         ""boundary"" : ""administrative"",         ""type"" : ""boundary""      }   },   ""altgeocode"" : ""VALUTH-EQKVM""}"
NATIONAL HEART CENTRE SINGAPORE, 5 HOSPITAL DRIVE Singapore 169609,169609,3,"{   ""statename"" : {},   ""distance"" : ""0.000"",   ""elevation"" : ""19"",   ""osmtags"" : {      ""wikidata"" : ""Q2544592"",      ""source"" : ""https://www.cdc.org.sg/CentralSingapore/About_Us/Our_District"",      ""boundary"" : ""administrative"",      ""name"" : ""Central"",      ""ISO3166_2"" : ""SG-01"",      ""type"" : ""boundary"",      ""admin_level"" : ""6""   },   ""state"" : ""SG"",   ""latt"" : ""1.27858"",   ""city"" : ""Singapore"",   ""prov"" : ""SG"",   ""intersection"" : {      ""distance"" : ""0.103"",      ""xlat"" : ""1.278915"",      ""xlon"" : ""103.83698"",      ""street2"" : ""Hospital Drive"",      ""street1"" : ""Second Hospital Avenue""   },   ""geocode"" : ""SIN-GBVMT"",   ""geonumber"" : ""5071983967719"",   ""country"" : ""Singapore"",   ""stnumber"" : ""5"",   ""staddress"" : ""HOSPITAL DRIVE"",   ""inlatt"" : ""1.27858"",   ""alt"" : {      ""loc"" : {         ""staddress"" : ""HOSPITAL DRIVE"",         ""stnumber"" : ""5"",         ""postal"" : ""169609"",         ""latt"" : ""1.27858"",         ""city"" : ""Singapore"",         ""prov"" : ""SG"",         ""longt"" : ""103.83612"",         ""class"" : {}      }   },   ""timezone"" : ""Asia/Singapore"",   ""region"" : {},   ""postal"" : ""169609"",   ""poi"" : {      ""website"" : ""https://polyclinic.singhealth.com.sg/AboutUs/OurPolyclinics/Pages/SHP-Outram.aspx"",      ""addr_country"" : ""SG"",      ""operator"" : ""SingHealth"",      ""email"" : ""outrampolyclinic@singhealth.com.sg"",      ""poilon"" : ""103.83817"",      ""addr_unit"" : ""#02-00"",      ""id"" : ""4583842097"",      ""poilat"" : ""1.2799"",      ""opening_hours"" : ""Mo-Fr 08:00-12:00; Mo-Fr 14:00-16:30; Sa 08:00-12:00; Su off; PH off"",      ""addr_housename"" : ""Health Promotion Board Building"",      ""name"" : ""Outram Polyclinic"",      ""addr_postcode"" : ""168937"",      ""addr_street"" : ""Second Hospital Avenue"",      ""branch"" : ""Outram"",      ""phone"" : ""+65 6643 6969"",      ""amenity"" : ""clinic"",      ""addr_housenumber"" : ""3"",      ""addr_city"" : ""Singapore"",      ""poidist"" : ""0.271""   },   ""longt"" : ""103.83612"",   ""remaining_credits"" : {},   ""confidence"" : ""1"",   ""inlongt"" : ""103.83612"",   ""class"" : {},   ""adminareas"" : {      ""admin6"" : {         ""wikidata"" : ""Q2544592"",         ""source"" : ""https://www.cdc.org.sg/CentralSingapore/About_Us/Our_District"",         ""name"" : ""Central"",         ""ISO3166_2"" : ""SG-01"",         ""admin_level"" : ""6"",         ""level"" : ""6"",         ""boundary"" : ""administrative"",         ""type"" : ""boundary""      }   },   ""altgeocode"" : ""OUTRAMPARK-GBVMT""}"
NATIONAL UNIVERSITY HOSPITAL, 5 LOWER KENT RIDGE ROAD Singapore 119074,119074,73,"{   ""statename"" : {},   ""distance"" : ""0.001"",   ""elevation"" : ""39"",   ""osmtags"" : {      ""wikipedia"" : ""en:South West Community Development Council"",      ""wikidata"" : ""Q5784126"",      ""source"" : ""https://cdc.org.sg/SouthWest/About-Us/About-the-CDC"",      ""name"" : ""Southwest"",      ""name_zh"" : ""西南区"",      ""ISO3166_2"" : ""SG-05"",      ""admin_level"" : ""6"",      ""boundary"" : ""administrative"",      ""type"" : ""boundary""   },   ""state"" : ""SG"",   ""latt"" : ""1.29484"",   ""city"" : ""Singapore"",   ""prov"" : ""SG"",   ""geocode"" : ""SIN-FCOKN"",   ""geonumber"" : ""5071983523529"",   ""country"" : ""Singapore"",   ""stnumber"" : ""5"",   ""staddress"" : ""LOWER KENT RIDGE ROAD"",   ""inlatt"" : ""1.29484"",   ""alt"" : {      ""loc"" : {         ""staddress"" : ""LOWER KENT RIDGE ROAD"",         ""stnumber"" : ""5"",         ""postal"" : ""119074"",         ""latt"" : ""1.29484"",         ""city"" : ""Singapore"",         ""prov"" : ""SG"",         ""longt"" : ""103.78373"",         ""class"" : {}      }   },   ""timezone"" : ""Asia/Singapore"",   ""region"" : ""Central Singapore"",   ""postal"" : ""119074"",   ""poi"" : {      ""amenity"" : ""fast_food"",      ""poilat"" : ""1.29576"",      ""poilon"" : ""103.78325"",      ""takeaway"" : ""yes"",      ""name"" : ""Mr Bean"",      ""id"" : ""6405687986"",      ""poidist"" : ""0.115""   },   ""longt"" : ""103.78373"",   ""remaining_credits"" : {},   ""confidence"" : ""1"",   ""inlongt"" : ""103.78373"",   ""class"" : {},   ""adminareas"" : {      ""admin6"" : {         ""wikipedia"" : ""en:South West Community Development Council"",         ""wikidata"" : ""Q5784126"",         ""source"" : ""https://cdc.org.sg/SouthWest/About-Us/About-the-CDC"",         ""name"" : ""Southwest"",         ""name_zh"" : ""西南区"",         ""ISO3166_2"" : ""SG-05"",         ""admin_level"" : ""6"",         ""level"" : ""6"",         ""boundary"" : ""administrative"",         ""type"" : ""boundary""      }   },   ""altgeocode"" : ""ESGRI-FCOKN""}"
NG TENG FONG GENERAL HOSPITAL, 1 JURONG EAST STREET 21 Singapore 609606,609606,10,"{   ""statename"" : {},   ""distance"" : ""0.000"",   ""elevation"" : ""11"",   ""osmtags"" : {      ""wikipedia"" : ""en:South West Community Development Council"",      ""wikidata"" : ""Q5784126"",      ""source"" : ""https://cdc.org.sg/SouthWest/About-Us/About-the-CDC"",      ""name"" : ""Southwest"",      ""name_zh"" : ""西南区"",      ""ISO3166_2"" : ""SG-05"",      ""admin_level"" : ""6"",      ""boundary"" : ""administrative"",      ""type"" : ""boundary""   },   ""state"" : ""SG"",   ""latt"" : ""1.33553"",   ""city"" : ""Singapore"",   ""prov"" : ""SG"",   ""intersection"" : {      ""distance"" : ""0.118"",      ""xlat"" : ""1.334465"",      ""xlon"" : ""103.743875"",      ""street2"" : ""J-Walk"",      ""street1"" : ""Boon Lay Way""   },   ""geocode"" : ""SIN-MPRGC"",   ""geonumber"" : ""5071986952762"",   ""country"" : ""Singapore"",   ""stnumber"" : ""1"",   ""staddress"" : ""JURONG EAST STREET 21"",   ""inlatt"" : ""1.33553"",   ""alt"" : {      ""loc"" : {         ""staddress"" : ""JURONG EAST STREET 21"",         ""stnumber"" : ""1"",         ""postal"" : ""609606"",         ""latt"" : ""1.33553"",         ""city"" : ""Singapore"",         ""prov"" : ""SG"",         ""longt"" : ""103.74387"",         ""class"" : {}      }   },   ""timezone"" : ""Asia/Singapore"",   ""region"" : {},   ""postal"" : ""609606"",   ""poi"" : {      ""wikipedia"" : ""en:Westgate (Singapore)"",      ""addr_country"" : ""SG"",      ""operator"" : ""CapitalMall Asia"",      ""poilon"" : ""103.7428"",      ""building_material"" : ""stone"",      ""id"" : ""158234014"",      ""name_en"" : ""Westgate"",      ""wikidata"" : ""Q17054930"",      ""poilat"" : ""1.33441"",      ""opening_hours"" : ""Mo-Su,PH 10:00-22:00"",      ""building_levels"" : ""5"",      ""name"" : ""Westgate"",      ""addr_postcode"" : ""608532"",      ""addr_street"" : ""Gateway Drive"",      ""building_colour"" : ""#8b7f79"",      ""shop"" : ""mall"",      ""addr_housenumber"" : ""3"",      ""addr_city"" : ""Singapore"",      ""building"" : ""yes"",      ""poidist"" : ""0.172""   },   ""longt"" : ""103.74387"",   ""remaining_credits"" : {},   ""confidence"" : ""1"",   ""inlongt"" : ""103.74387"",   ""class"" : {},   ""adminareas"" : {      ""admin6"" : {         ""wikipedia"" : ""en:South West Community Development Council"",         ""wikidata"" : ""Q5784126"",         ""source"" : ""https://cdc.org.sg/SouthWest/About-Us/About-the-CDC"",         ""name"" : ""Southwest"",         ""name_zh"" : ""西南区"",         ""ISO3166_2"" : ""SG-05"",         ""admin_level"" : ""6"",         ""level"" : ""6"",         ""boundary"" : ""administrative"",         ""type"" : ""boundary""      }   },   ""altgeocode"" : ""TERJUSG-MPRGC""}"
OUTRAM COMMUNITY HOSPITAL, 10 HOSPITAL BOULEVARD Singapore 168582,168582,92,"{   ""statename"" : {},   ""distance"" : ""0.000"",   ""elevation"" : ""19"",   ""osmtags"" : {      ""wikidata"" : ""Q2544592"",      ""source"" : ""https://www.cdc.org.sg/CentralSingapore/About_Us/Our_District"",      ""boundary"" : ""administrative"",      ""name"" : ""Central"",      ""ISO3166_2"" : ""SG-01"",      ""type"" : ""boundary"",      ""admin_level"" : ""6""   },   ""state"" : ""SG"",   ""latt"" : ""1.27764"",   ""city"" : ""Singapore"",   ""prov"" : ""SG"",   ""intersection"" : {      ""distance"" : ""0.007"",      ""xlat"" : ""1.27761628303189"",      ""xlon"" : ""103.835490819839"",      ""street2"" : ""HOSPITAL DRIVE"",      ""street1"" : ""HOSPITAL BOULEVARD""   },   ""geocode"" : ""SIN-GBVCW"",   ""geonumber"" : ""5071983967462"",   ""country"" : ""Singapore"",   ""stnumber"" : ""10"",   ""staddress"" : ""HOSPITAL BOULEVARD"",   ""inlatt"" : ""1.27764"",   ""alt"" : {      ""loc"" : {         ""staddress"" : ""HOSPITAL BOULEVARD"",         ""stnumber"" : ""10"",         ""postal"" : ""168582"",         ""latt"" : ""1.27764"",         ""city"" : ""Singapore"",         ""prov"" : ""SG"",         ""longt"" : ""103.83543"",         ""class"" : {}      }   },   ""timezone"" : ""Asia/Singapore"",   ""region"" : {},   ""postal"" : ""168582"",   ""poi"" : {      ""poilat"" : ""1.27719"",      ""website"" : ""https://miz-japanese-restaurant.business.site/"",      ""addr_country"" : ""SG"",      ""name"" : ""Miz Japanese Restaurant"",      ""phone"" : ""+65 6225 5761"",      ""addr_street"" : ""Kampong Bahru Road"",      ""addr_postcode"" : ""169347"",      ""amenity"" : ""restaurant"",      ""poilon"" : ""103.83665"",      ""addr_city"" : ""Singapore"",      ""addr_housenumber"" : ""17"",      ""id"" : ""3756850477"",      ""poidist"" : ""0.145"",      ""cuisine"" : ""japanese""   },   ""longt"" : ""103.83543"",   ""remaining_credits"" : {},   ""confidence"" : ""1"",   ""inlongt"" : ""103.83543"",   ""class"" : {},   ""adminareas"" : {      ""admin6"" : {         ""wikidata"" : ""Q2544592"",         ""source"" : ""https://www.cdc.org.sg/CentralSingapore/About_Us/Our_District"",         ""name"" : ""Central"",         ""ISO3166_2"" : ""SG-01"",         ""admin_level"" : ""6"",         ""level"" : ""6"",         ""boundary"" : ""administrative"",         ""type"" : ""boundary""      }   },   ""altgeocode"" : ""OUTRAMPARK-GBVCW""}"
PARKWAY EAST HOSPITAL, 321 Joo Chiat Place Singapore 427990,427990,26,"{   ""statename"" : {},   ""distance"" : ""0.006"",   ""elevation"" : ""12"",   ""osmtags"" : {      ""wikidata"" : ""Q2544592"",      ""source"" : ""https://www.cdc.org.sg/CentralSingapore/About_Us/Our_District"",      ""boundary"" : ""administrative"",      ""name"" : ""Central"",      ""ISO3166_2"" : ""SG-01"",      ""type"" : ""boundary"",      ""admin_level"" : ""6""   },   ""state"" : {},   ""latt"" : ""1.31512"",   ""city"" : ""Singapore"",   ""prov"" : ""SG"",   ""intersection"" : {      ""distance"" : ""0.070"",      ""xlat"" : ""1.31466"",      ""xlon"" : ""103.909465"",      ""street2"" : ""TELOK KURAU ROAD"",      ""street1"" : ""JOO CHIAT PLACE""   },   ""geocode"" : ""SIN-DVFKD"",   ""geonumber"" : ""5071982937427"",   ""country"" : ""Singapore"",   ""stnumber"" : ""319"",   ""staddress"" : ""JOO CHIAT PLACE"",   ""inlatt"" : ""1.31507"",   ""alt"" : {      ""loc"" : {         ""staddress"" : ""JOO CHIAT PLACE"",         ""stnumber"" : ""319"",         ""postal"" : ""427989"",         ""latt"" : ""1.31507"",         ""city"" : ""Singapore"",         ""prov"" : {},         ""longt"" : ""103.90899"",         ""class"" : {}      }   },   ""timezone"" : ""Asia/Singapore"",   ""region"" : ""Central Singapore"",   ""postal"" : ""427989"",   ""poi"" : {      ""smoking"" : ""separated"",      ""poilon"" : ""103.90955"",      ""id"" : ""567139106"",      ""poilat"" : ""1.31478"",      ""opening_hours"" : ""Mo-Su 08:00-22:00"",      ""building_levels"" : ""1"",      ""name"" : ""Fu fa Coffee House"",      ""addr_postcode"" : ""427999"",      ""addr_street"" : ""Joo Chiat Place"",      ""description"" : ""Non-air conditioned eatery with a mix of cuisines"",      ""amenity"" : ""cafe"",      ""addr_housenumber"" : ""334"",      ""addr_city"" : ""Singapore"",      ""outdoor_seating"" : ""yes"",      ""building"" : ""yes"",      ""internet_access"" : ""no"",      ""poidist"" : ""0.070""   },   ""longt"" : ""103.90897"",   ""remaining_credits"" : {},   ""confidence"" : ""1"",   ""inlongt"" : ""103.90899"",   ""class"" : {},   ""adminareas"" : {      ""admin6"" : {         ""wikidata"" : ""Q2544592"",         ""source"" : ""https://www.cdc.org.sg/CentralSingapore/About_Us/Our_District"",         ""name"" : ""Central"",         ""ISO3166_2"" : ""SG-01"",         ""admin_level"" : ""6"",         ""level"" : ""6"",         ""boundary"" : ""administrative"",         ""type"" : ""boundary""      }   },   ""altgeocode"" : ""PERANAKAN-DVFKD""}"
RAFFLES HOSPITAL,RAFFLES HOSPITAL 585 NORTH BRIDGE ROAD RAFFLES HOSPITAL Singapore 188770,188770,19,"{   ""statename"" : {},   ""distance"" : ""0.000"",   ""elevation"" : ""11"",   ""osmtags"" : {      ""wikidata"" : ""Q2544592"",      ""source"" : ""https://www.cdc.org.sg/CentralSingapore/About_Us/Our_District"",      ""boundary"" : ""administrative"",      ""name"" : ""Central"",      ""ISO3166_2"" : ""SG-01"",      ""type"" : ""boundary"",      ""admin_level"" : ""6""   },   ""state"" : ""SG"",   ""latt"" : ""1.30114"",   ""city"" : ""Singapore"",   ""prov"" : ""SG"",   ""intersection"" : {      ""distance"" : ""0.088"",      ""xlat"" : ""1.30116"",      ""xlon"" : ""103.85645"",      ""street2"" : ""Lorong Kassim"",      ""street1"" : ""Victoria Street""   },   ""geocode"" : ""SIN-EJZAT"",   ""geonumber"" : ""5071983196767"",   ""country"" : ""Singapore"",   ""stnumber"" : ""585"",   ""staddress"" : ""NORTH BRIDGE ROAD"",   ""inlatt"" : ""1.30114"",   ""alt"" : {      ""loc"" : {         ""staddress"" : ""NORTH BRIDGE ROAD"",         ""stnumber"" : ""585"",         ""postal"" : ""188770"",         ""latt"" : ""1.30114"",         ""city"" : ""Singapore"",         ""prov"" : ""SG"",         ""longt"" : ""103.85724"",         ""class"" : {}      }   },   ""timezone"" : ""Asia/Singapore"",   ""region"" : ""Central Singapore"",   ""postal"" : ""188770"",   ""poi"" : {      ""brand"" : ""Starbucks"",      ""brand_wikipedia"" : ""en:Starbucks"",      ""poilon"" : ""103.85751"",      ""id"" : ""3670497548"",      ""cuisine"" : ""coffee_shop"",      ""poilat"" : ""1.3013"",      ""opening_hours"" : ""Mo-Fr 07:00-22:00; Sa-Su 07:00-22:30"",      ""name"" : ""Starbucks"",      ""official_name"" : ""Starbucks Coffee"",      ""addr_postcode"" : ""188770"",      ""addr_street"" : ""North Bridge Road, #01-09, Raffles Hospital"",      ""amenity"" : ""cafe"",      ""addr_housenumber"" : ""585"",      ""addr_city"" : ""Singapore"",      ""outdoor_seating"" : ""no"",      ""internet_access"" : ""wlan"",      ""takeaway"" : ""yes"",      ""brand_wikidata"" : ""Q37158"",      ""poidist"" : ""0.035""   },   ""longt"" : ""103.85724"",   ""remaining_credits"" : {},   ""confidence"" : ""1"",   ""inlongt"" : ""103.85724"",   ""class"" : {},   ""adminareas"" : {      ""admin6"" : {         ""wikidata"" : ""Q2544592"",         ""source"" : ""https://www.cdc.org.sg/CentralSingapore/About_Us/Our_District"",         ""name"" : ""Central"",         ""ISO3166_2"" : ""SG-01"",         ""admin_level"" : ""6"",         ""level"" : ""6"",         ""boundary"" : ""administrative"",         ""type"" : ""boundary""      }   },   ""altgeocode"" : ""NUVE-EJZAT""}"
REN CI COMMUNITY HOSPITAL, 71 IRRAWADDY ROAD Singapore 329562,329562,79,"{   ""statename"" : {},   ""distance"" : ""0.000"",   ""elevation"" : ""12"",   ""osmtags"" : {      ""wikidata"" : ""Q2544592"",      ""source"" : ""https://www.cdc.org.sg/CentralSingapore/About_Us/Our_District"",      ""boundary"" : ""administrative"",      ""name"" : ""Central"",      ""ISO3166_2"" : ""SG-01"",      ""type"" : ""boundary"",      ""admin_level"" : ""6""   },   ""state"" : ""SG"",   ""latt"" : ""1.32288"",   ""city"" : ""Singapore"",   ""prov"" : ""SG"",   ""geocode"" : ""SIN-EQCYJ"",   ""geonumber"" : ""5071983304865"",   ""country"" : ""Singapore"",   ""stnumber"" : ""71"",   ""staddress"" : ""IRRAWADDY ROAD"",   ""inlatt"" : ""1.32288"",   ""alt"" : {      ""loc"" : {         ""staddress"" : ""IRRAWADDY ROAD"",         ""stnumber"" : ""71"",         ""postal"" : ""329562"",         ""latt"" : ""1.32288"",         ""city"" : ""Singapore"",         ""prov"" : ""SG"",         ""longt"" : ""103.84597"",         ""class"" : {}      }   },   ""timezone"" : ""Asia/Singapore"",   ""region"" : ""Central Singapore"",   ""postal"" : ""329562"",   ""poi"" : {      ""website"" : ""https://www.renci.org.sg/"",      ""addr_country"" : ""SG"",      ""email"" : ""renci@renci.org.sg"",      ""poilon"" : ""103.84593"",      ""fax"" : ""+65 63580900"",      ""id"" : ""172530221"",      ""poilat"" : ""1.32277"",      ""opening_hours"" : ""Mo-Fr 08:30-17:30;Sa 08:00-13:00"",      ""name"" : ""Ren Ci Community Hospital"",      ""addr_postcode"" : ""329562"",      ""addr_street"" : ""Irrawaddy Road"",      ""height"" : ""0"",      ""phone"" : ""+65 63850288"",      ""amenity"" : ""hospital"",      ""addr_housenumber"" : ""71"",      ""addr_city"" : ""Singapore"",      ""building"" : ""yes"",      ""poidist"" : ""0.013""   },   ""longt"" : ""103.84597"",   ""remaining_credits"" : {},   ""confidence"" : ""1"",   ""inlongt"" : ""103.84597"",   ""class"" : {},   ""adminareas"" : {      ""admin6"" : {         ""wikidata"" : ""Q2544592"",         ""source"" : ""https://www.cdc.org.sg/CentralSingapore/About_Us/Our_District"",         ""name"" : ""Central"",         ""ISO3166_2"" : ""SG-01"",         ""admin_level"" : ""6"",         ""level"" : ""6"",         ""boundary"" : ""administrative"",         ""type"" : ""boundary""      }   },   ""altgeocode"" : ""VALUTH-EQCYJ""}"
SENGKANG COMMUNITY HOSPITAL, 1 ANCHORVALE STREET Singapore 544835,544835,44,"{   ""statename"" : {},   ""distance"" : ""0.000"",   ""elevation"" : ""21"",   ""osmtags"" : {      ""wikidata"" : ""Q3710534"",      ""source"" : ""https://www.cdc.org.sg/NorthEast/About_Us/About_NECDC"",      ""boundary"" : ""administrative"",      ""name"" : ""Northeast"",      ""ISO3166_2"" : ""SG-02"",      ""type"" : ""boundary"",      ""admin_level"" : ""6""   },   ""state"" : ""SG"",   ""latt"" : ""1.39602"",   ""city"" : ""Singapore"",   ""prov"" : ""SG"",   ""geocode"" : ""SIN-XCTOG"",   ""geonumber"" : ""5071991752574"",   ""country"" : ""Singapore"",   ""stnumber"" : ""1"",   ""staddress"" : ""Anchorvale Street"",   ""inlatt"" : ""1.39602"",   ""alt"" : {      ""loc"" : {         ""staddress"" : ""Anchorvale Street"",         ""stnumber"" : ""1"",         ""postal"" : ""544835"",         ""latt"" : ""1.39602"",         ""city"" : ""Singapore"",         ""prov"" : ""SG"",         ""longt"" : ""103.89183"",         ""class"" : {}      }   },   ""timezone"" : ""Asia/Singapore"",   ""region"" : ""North East"",   ""postal"" : ""544835"",   ""poi"" : {      ""poilat"" : ""1.39598"",      ""shop"" : ""gift"",      ""level"" : ""0"",      ""poilon"" : ""103.89177"",      ""name"" : ""Noel Gifts"",      ""id"" : ""6493279100"",      ""poidist"" : ""0""   },   ""longt"" : ""103.89183"",   ""remaining_credits"" : {},   ""confidence"" : ""1"",   ""inlongt"" : ""103.89183"",   ""class"" : {},   ""adminareas"" : {      ""admin6"" : {         ""wikidata"" : ""Q3710534"",         ""source"" : ""https://www.cdc.org.sg/NorthEast/About_Us/About_NECDC"",         ""name"" : ""Northeast"",         ""ISO3166_2"" : ""SG-02"",         ""admin_level"" : ""6"",         ""level"" : ""6"",         ""boundary"" : ""administrative"",         ""type"" : ""boundary""      }   },   ""altgeocode"" : ""ENGKASG-XCTOG""}"
SENGKANG GENERAL HOSPITAL, 110 Sengkang East Way Singapore 544886,544886,120,"{   ""statename"" : {},   ""distance"" : ""0.000"",   ""elevation"" : ""21"",   ""osmtags"" : {      ""wikidata"" : ""Q3710534"",      ""source"" : ""https://www.cdc.org.sg/NorthEast/About_Us/About_NECDC"",      ""boundary"" : ""administrative"",      ""name"" : ""Northeast"",      ""ISO3166_2"" : ""SG-02"",      ""type"" : ""boundary"",      ""admin_level"" : ""6""   },   ""state"" : {},   ""latt"" : ""1.39439"",   ""city"" : ""Singapore"",   ""prov"" : ""SG"",   ""geocode"" : ""SIN-XCVUU"",   ""geonumber"" : ""5071991754096"",   ""country"" : ""Singapore"",   ""stnumber"" : ""110"",   ""staddress"" : ""SENGKANG EAST WAY"",   ""inlatt"" : ""1.39439"",   ""alt"" : {      ""loc"" : {         ""staddress"" : ""SENGKANG EAST WAY"",         ""stnumber"" : ""110"",         ""postal"" : ""544886"",         ""latt"" : ""1.39439"",         ""city"" : ""Singapore"",         ""prov"" : {},         ""longt"" : ""103.89316"",         ""class"" : {}      }   },   ""timezone"" : ""Asia/Singapore"",   ""region"" : ""North East"",   ""postal"" : ""544886"",   ""poi"" : {      ""amenity"" : ""cafe"",      ""poilat"" : ""1.39488"",      ""level"" : ""0"",      ""poilon"" : ""103.89314"",      ""name"" : ""Polar Café"",      ""id"" : ""6016984316"",      ""poidist"" : ""0.055""   },   ""longt"" : ""103.89316"",   ""remaining_credits"" : {},   ""confidence"" : ""1"",   ""inlongt"" : ""103.89316"",   ""class"" : {},   ""adminareas"" : {      ""admin6"" : {         ""wikidata"" : ""Q3710534"",         ""source"" : ""https://www.cdc.org.sg/NorthEast/About_Us/About_NECDC"",         ""name"" : ""Northeast"",         ""ISO3166_2"" : ""SG-02"",         ""admin_level"" : ""6"",         ""level"" : ""6"",         ""boundary"" : ""administrative"",         ""type"" : ""boundary""      }   },   ""altgeocode"" : ""ENGKASG-XCVUU""}"
SINGAPORE GENERAL HOSPITAL, - Outram Road Singapore 169608,169608,13,"{   ""statename"" : {},   ""distance"" : ""0.000"",   ""elevation"" : ""16"",   ""osmtags"" : {      ""wikidata"" : ""Q2544592"",      ""source"" : ""https://www.cdc.org.sg/CentralSingapore/About_Us/Our_District"",      ""boundary"" : ""administrative"",      ""name"" : ""Central"",      ""ISO3166_2"" : ""SG-01"",      ""type"" : ""boundary"",      ""admin_level"" : ""6""   },   ""state"" : ""SG"",   ""latt"" : ""1.27854"",   ""city"" : ""Singapore"",   ""prov"" : ""SG"",   ""geocode"" : ""SIN-GBTMP"",   ""geonumber"" : ""5071983966363"",   ""country"" : ""Singapore"",   ""stnumber"" : ""1"",   ""staddress"" : ""HOSPITAL DRIVE"",   ""inlatt"" : ""1.27854"",   ""alt"" : {      ""loc"" : {         ""staddress"" : ""HOSPITAL DRIVE"",         ""stnumber"" : ""1"",         ""postal"" : ""169608"",         ""latt"" : ""1.27854"",         ""city"" : ""Singapore"",         ""prov"" : ""SG"",         ""longt"" : ""103.83400"",         ""class"" : {}      }   },   ""timezone"" : ""Asia/Singapore"",   ""region"" : {},   ""postal"" : ""169608"",   ""poi"" : {      ""wikipedia"" : ""en:Singapore General Hospital"",      ""wikidata"" : ""Q7522983"",      ""poilat"" : ""1.27892"",      ""name"" : ""Singapore General Hospital"",      ""amenity"" : ""hospital"",      ""poilon"" : ""103.83474"",      ""url"" : ""http://www.sgh.com.sg/"",      ""id"" : ""75468299"",      ""poidist"" : ""0.092""   },   ""longt"" : ""103.83400"",   ""remaining_credits"" : {},   ""confidence"" : ""1"",   ""inlongt"" : ""103.83400"",   ""class"" : {},   ""adminareas"" : {      ""admin6"" : {         ""wikidata"" : ""Q2544592"",         ""source"" : ""https://www.cdc.org.sg/CentralSingapore/About_Us/Our_District"",         ""name"" : ""Central"",         ""ISO3166_2"" : ""SG-01"",         ""admin_level"" : ""6"",         ""level"" : ""6"",         ""boundary"" : ""administrative"",         ""type"" : ""boundary""      }   },   ""altgeocode"" : ""GPAGAR-GBTMP""}"
ST ANDREW'S COMMUNITY HOSPITAL, 8 SIMEI STREET 3 Singapore 529895,529895,65,"{   ""statename"" : {},   ""distance"" : ""0.000"",   ""elevation"" : ""15"",   ""osmtags"" : {      ""wikidata"" : ""Q1687545"",      ""source"" : ""https://www.cdc.org.sg/SouthEast/Who_We_Are/Introduction"",      ""boundary"" : ""administrative"",      ""name"" : ""Southeast"",      ""ISO3166_2"" : ""SG-04"",      ""type"" : ""boundary"",      ""admin_level"" : ""6""   },   ""state"" : ""SG"",   ""latt"" : ""1.34173"",   ""city"" : ""Singapore"",   ""prov"" : ""SG"",   ""geocode"" : ""SIN-YQRCK"",   ""geonumber"" : ""5071992453954"",   ""country"" : ""Singapore"",   ""stnumber"" : ""8"",   ""staddress"" : ""SIMEI STREET 3"",   ""inlatt"" : ""1.34173"",   ""alt"" : {      ""loc"" : {         ""staddress"" : ""SIMEI STREET 3"",         ""stnumber"" : ""8"",         ""postal"" : ""529895"",         ""latt"" : ""1.34173"",         ""city"" : ""Singapore"",         ""prov"" : ""SG"",         ""longt"" : ""103.94887"",         ""class"" : {}      }   },   ""timezone"" : ""Asia/Singapore"",   ""region"" : {},   ""postal"" : ""529895"",   ""poi"" : {      ""poilat"" : ""1.34182"",      ""website"" : ""https://www.sach.org.sg/"",      ""name"" : ""Saint Andrew's Community Hospital"",      ""addr_street"" : ""Simei Street 3"",      ""amenity"" : ""hospital"",      ""emergency"" : ""no"",      ""operator"" : ""St. Andrew's Mission Hospital"",      ""poilon"" : ""103.94875"",      ""id"" : ""170744577"",      ""poidist"" : ""0.017"",      ""healthcare"" : ""hospital""   },   ""longt"" : ""103.94887"",   ""remaining_credits"" : {},   ""confidence"" : ""1"",   ""inlongt"" : ""103.94887"",   ""class"" : {},   ""adminareas"" : {      ""admin6"" : {         ""wikidata"" : ""Q1687545"",         ""source"" : ""https://www.cdc.org.sg/SouthEast/Who_We_Are/Introduction"",         ""name"" : ""Southeast"",         ""ISO3166_2"" : ""SG-04"",         ""admin_level"" : ""6"",         ""level"" : ""6"",         ""boundary"" : ""administrative"",         ""type"" : ""boundary""      }   },   ""altgeocode"" : ""SIMEIN-YQRCK""}"
ST. LUKE'S HOSPITAL, 2 BUKIT BATOK STREET 11 Singapore 659674,659674,94,"{   ""statename"" : {},   ""distance"" : ""0.000"",   ""elevation"" : ""29"",   ""osmtags"" : {      ""wikipedia"" : ""en:South West Community Development Council"",      ""wikidata"" : ""Q5784126"",      ""source"" : ""https://cdc.org.sg/SouthWest/About-Us/About-the-CDC"",      ""name"" : ""Southwest"",      ""name_zh"" : ""西南区"",      ""ISO3166_2"" : ""SG-05"",      ""admin_level"" : ""6"",      ""boundary"" : ""administrative"",      ""type"" : ""boundary""   },   ""state"" : ""SG"",   ""latt"" : ""1.34950"",   ""city"" : ""Singapore"",   ""prov"" : ""SG"",   ""intersection"" : {      ""distance"" : ""0.143"",      ""xlat"" : ""1.34825"",      ""xlon"" : ""103.742175"",      ""street2"" : ""Bukit Batok West Avenue 8"",      ""street1"" : ""BUKIT BATOK STREET 11""   },   ""geocode"" : ""SIN-OAIGU"",   ""geonumber"" : ""5071987597008"",   ""country"" : ""Singapore"",   ""stnumber"" : ""2"",   ""staddress"" : ""BUKIT BATOK STREET 11"",   ""inlatt"" : ""1.34950"",   ""alt"" : {      ""loc"" : {         ""staddress"" : ""BUKIT BATOK STREET 11"",         ""stnumber"" : ""2"",         ""postal"" : ""659674"",         ""latt"" : ""1.34950"",         ""city"" : ""Singapore"",         ""prov"" : ""SG"",         ""longt"" : ""103.74189"",         ""class"" : {}      }   },   ""timezone"" : ""Asia/Singapore"",   ""region"" : {},   ""postal"" : ""659674"",   ""poi"" : {      ""wikipedia"" : ""en:St Luke's Hospital, Singapore"",      ""source"" : ""https://www.slh.org.sg/"",      ""website"" : ""https://www.slh.org.sg/"",      ""emergency"" : ""yes"",      ""poilon"" : ""103.74203"",      ""id"" : ""162644392"",      ""wikidata"" : ""Q7594065"",      ""poilat"" : ""1.34963"",      ""wheelchair"" : ""yes"",      ""name"" : ""St Luke’s Hospital"",      ""addr_postcode"" : ""659674"",      ""addr_street"" : ""Bukit Batok Street 11"",      ""phone"" : ""+65 6563 2281"",      ""amenity"" : ""hospital"",      ""addr_housenumber"" : ""2"",      ""addr_city"" : ""Singapore"",      ""poidist"" : ""0.021""   },   ""longt"" : ""103.74189"",   ""remaining_credits"" : {},   ""confidence"" : ""1"",   ""inlongt"" : ""103.74189"",   ""class"" : {},   ""adminareas"" : {      ""admin6"" : {         ""wikipedia"" : ""en:South West Community Development Council"",         ""wikidata"" : ""Q5784126"",         ""source"" : ""https://cdc.org.sg/SouthWest/About-Us/About-the-CDC"",         ""name"" : ""Southwest"",         ""name_zh"" : ""西南区"",         ""ISO3166_2"" : ""SG-05"",         ""admin_level"" : ""6"",         ""level"" : ""6"",         ""boundary"" : ""administrative"",         ""type"" : ""boundary""      }   },   ""altgeocode"" : ""LUPANDAN-OAIGU""}"
TAN TOCK SENG HOSPITAL, 11 JALAN TAN TOCK SENG Singapore 308433,308433,92,"{   ""statename"" : {},   ""distance"" : ""0.000"",   ""elevation"" : ""20"",   ""osmtags"" : {      ""wikidata"" : ""Q2544592"",      ""source"" : ""https://www.cdc.org.sg/CentralSingapore/About_Us/Our_District"",      ""boundary"" : ""administrative"",      ""name"" : ""Central"",      ""ISO3166_2"" : ""SG-01"",      ""type"" : ""boundary"",      ""admin_level"" : ""6""   },   ""state"" : ""SG"",   ""latt"" : ""1.31950"",   ""city"" : ""Singapore"",   ""prov"" : ""SG"",   ""intersection"" : {      ""distance"" : ""0.024"",      ""xlat"" : ""1.31942"",      ""xlon"" : ""103.8501"",      ""street2"" : ""Moulmein Road"",      ""street1"" : ""JALAN TAN TOCK SENG""   },   ""geocode"" : ""SIN-EQAJW"",   ""geonumber"" : ""5071983303136"",   ""country"" : ""Singapore"",   ""stnumber"" : ""11"",   ""staddress"" : ""JALAN TAN TOCK SENG"",   ""inlatt"" : ""1.31950"",   ""alt"" : {      ""loc"" : {         ""staddress"" : ""JALAN TAN TOCK SENG"",         ""stnumber"" : ""11"",         ""postal"" : ""308433"",         ""latt"" : ""1.31950"",         ""city"" : ""Singapore"",         ""prov"" : ""SG"",         ""longt"" : ""103.84990"",         ""class"" : {}      }   },   ""timezone"" : ""Asia/Singapore"",   ""region"" : ""North East"",   ""postal"" : ""308433"",   ""poi"" : {      ""source"" : ""Bing"",      ""poilat"" : ""1.31882"",      ""name"" : ""Shell"",      ""brand"" : ""Shell"",      ""addr_street"" : ""Moulmein Road"",      ""brand_wikipedia"" : ""en:Royal Dutch Shell"",      ""amenity"" : ""fuel"",      ""poilon"" : ""103.8498"",      ""building"" : ""roof"",      ""id"" : ""202541110"",      ""brand_wikidata"" : ""Q154950"",      ""poidist"" : ""0.076""   },   ""longt"" : ""103.84990"",   ""remaining_credits"" : {},   ""confidence"" : ""1"",   ""inlongt"" : ""103.84990"",   ""class"" : {},   ""adminareas"" : {      ""admin6"" : {         ""wikidata"" : ""Q2544592"",         ""source"" : ""https://www.cdc.org.sg/CentralSingapore/About_Us/Our_District"",         ""name"" : ""Central"",         ""ISO3166_2"" : ""SG-01"",         ""admin_level"" : ""6"",         ""level"" : ""6"",         ""boundary"" : ""administrative"",         ""type"" : ""boundary""      }   },   ""altgeocode"" : ""NOVENASG-EQAJW""}"
TAN TOCK SENG HOSPITAL REHABILITATION CENTRE,Ang Mo Kio Thye Hua Kwan Hospital 17 ANG MO KIO AVENUE 9 Ang Mo Kio Thye Hua Kwan Hospital Singapore 569766,569766,106,"{   ""statename"" : {},   ""distance"" : ""0.000"",   ""elevation"" : ""27"",   ""osmtags"" : {      ""wikipedia"" : ""en:North West Community Development Council"",      ""wikidata"" : ""Q5784118"",      ""source"" : ""https://www.cdc.org.sg/NorthWest/About_Us/Our_District"",      ""name"" : ""Northwest"",      ""name_zh"" : ""西北区"",      ""ISO3166_2"" : ""SG-03"",      ""admin_level"" : ""6"",      ""boundary"" : ""administrative"",      ""type"" : ""boundary""   },   ""state"" : ""SG"",   ""latt"" : ""1.38402"",   ""city"" : ""Singapore"",   ""prov"" : ""SG"",   ""geocode"" : ""SIN-WDRDG"",   ""geonumber"" : ""5071991311536"",   ""country"" : ""Singapore"",   ""stnumber"" : ""17"",   ""staddress"" : ""ANG MO KIO AVENUE 9"",   ""inlatt"" : ""1.38402"",   ""alt"" : {      ""loc"" : {         ""staddress"" : ""ANG MO KIO AVENUE 9"",         ""stnumber"" : ""17"",         ""postal"" : ""569766"",         ""latt"" : ""1.38402"",         ""city"" : ""Singapore"",         ""prov"" : ""SG"",         ""longt"" : ""103.84036"",         ""class"" : {}      }   },   ""timezone"" : ""Asia/Singapore"",   ""region"" : ""North East"",   ""postal"" : ""569766"",   ""poi"" : {      ""poilat"" : ""1.38397"",      ""name"" : ""Ang Mo Kio Community Hospital"",      ""amenity"" : ""hospital"",      ""poilon"" : ""103.84042"",      ""id"" : ""37410453"",      ""alt_name"" : ""Thye Hua Kwan Hospital"",      ""healthcare"" : ""hospital"",      ""poidist"" : ""0""   },   ""longt"" : ""103.84036"",   ""remaining_credits"" : {},   ""confidence"" : ""1"",   ""inlongt"" : ""103.84036"",   ""class"" : {},   ""adminareas"" : {      ""admin6"" : {         ""wikipedia"" : ""en:North West Community Development Council"",         ""wikidata"" : ""Q5784118"",         ""source"" : ""https://www.cdc.org.sg/NorthWest/About_Us/Our_District"",         ""name"" : ""Northwest"",         ""name_zh"" : ""西北区"",         ""ISO3166_2"" : ""SG-03"",         ""admin_level"" : ""6"",         ""level"" : ""6"",         ""boundary"" : ""administrative"",         ""type"" : ""boundary""      }   },   ""altgeocode"" : ""MOKIOSG-WDRDG""}"
TAN TOCK SENG HOSPITAL SUBACUTE WARDS,Ren Ci Community Hospital (Wards 6-10) 71 Irrawaddy Road Ren Ci Community Hospital (Wards 6-10) Singapore 329562,329562,68,"{   ""statename"" : {},   ""distance"" : ""0.000"",   ""elevation"" : ""12"",   ""osmtags"" : {      ""wikidata"" : ""Q2544592"",      ""source"" : ""https://www.cdc.org.sg/CentralSingapore/About_Us/Our_District"",      ""boundary"" : ""administrative"",      ""name"" : ""Central"",      ""ISO3166_2"" : ""SG-01"",      ""type"" : ""boundary"",      ""admin_level"" : ""6""   },   ""state"" : ""SG"",   ""latt"" : ""1.32288"",   ""city"" : ""Singapore"",   ""prov"" : ""SG"",   ""geocode"" : ""SIN-EQCYJ"",   ""geonumber"" : ""5071983304865"",   ""country"" : ""Singapore"",   ""stnumber"" : ""71"",   ""staddress"" : ""IRRAWADDY ROAD"",   ""inlatt"" : ""1.32288"",   ""alt"" : {      ""loc"" : {         ""staddress"" : ""IRRAWADDY ROAD"",         ""stnumber"" : ""71"",         ""postal"" : ""329562"",         ""latt"" : ""1.32288"",         ""city"" : ""Singapore"",         ""prov"" : ""SG"",         ""longt"" : ""103.84597"",         ""class"" : {}      }   },   ""timezone"" : ""Asia/Singapore"",   ""region"" : ""Central Singapore"",   ""postal"" : ""329562"",   ""poi"" : {      ""website"" : ""https://www.renci.org.sg/"",      ""addr_country"" : ""SG"",      ""email"" : ""renci@renci.org.sg"",      ""poilon"" : ""103.84593"",      ""fax"" : ""+65 63580900"",      ""id"" : ""172530221"",      ""poilat"" : ""1.32277"",      ""opening_hours"" : ""Mo-Fr 08:30-17:30;Sa 08:00-13:00"",      ""name"" : ""Ren Ci Community Hospital"",      ""addr_postcode"" : ""329562"",      ""addr_street"" : ""Irrawaddy Road"",      ""height"" : ""0"",      ""phone"" : ""+65 63850288"",      ""amenity"" : ""hospital"",      ""addr_housenumber"" : ""71"",      ""addr_city"" : ""Singapore"",      ""building"" : ""yes"",      ""poidist"" : ""0.013""   },   ""longt"" : ""103.84597"",   ""remaining_credits"" : {},   ""confidence"" : ""1"",   ""inlongt"" : ""103.84597"",   ""class"" : {},   ""adminareas"" : {      ""admin6"" : {         ""wikidata"" : ""Q2544592"",         ""source"" : ""https://www.cdc.org.sg/CentralSingapore/About_Us/Our_District"",         ""name"" : ""Central"",         ""ISO3166_2"" : ""SG-01"",         ""admin_level"" : ""6"",         ""level"" : ""6"",         ""boundary"" : ""administrative"",         ""type"" : ""boundary""      }   },   ""altgeocode"" : ""VALUTH-EQCYJ""}"
THOMSON MEDICAL CENTRE, 339 THOMSON ROAD Singapore 307677,307677,44,"{   ""statename"" : {},   ""distance"" : ""0.000"",   ""elevation"" : ""12"",   ""osmtags"" : {      ""wikidata"" : ""Q2544592"",      ""source"" : ""https://www.cdc.org.sg/CentralSingapore/About_Us/Our_District"",      ""boundary"" : ""administrative"",      ""name"" : ""Central"",      ""ISO3166_2"" : ""SG-01"",      ""type"" : ""boundary"",      ""admin_level"" : ""6""   },   ""state"" : ""SG"",   ""latt"" : ""1.32536"",   ""city"" : ""Singapore"",   ""prov"" : ""SG"",   ""intersection"" : {      ""distance"" : ""0.066"",      ""xlat"" : ""1.325475"",      ""xlon"" : ""103.8409"",      ""street2"" : ""THOMSON ROAD"",      ""street1"" : ""TAN SIM BOH ROAD""   },   ""geocode"" : ""SIN-EQNVT"",   ""geonumber"" : ""5071983312233"",   ""country"" : ""Singapore"",   ""stnumber"" : ""339"",   ""staddress"" : ""THOMSON ROAD"",   ""inlatt"" : ""1.32536"",   ""alt"" : {      ""loc"" : {         ""staddress"" : ""THOMSON ROAD"",         ""stnumber"" : ""339"",         ""postal"" : ""307677"",         ""latt"" : ""1.32536"",         ""city"" : ""Singapore"",         ""prov"" : ""SG"",         ""longt"" : ""103.84148"",         ""class"" : {}      }   },   ""timezone"" : ""Asia/Singapore"",   ""region"" : ""Central Singapore"",   ""postal"" : ""307677"",   ""poi"" : {      ""wikidata"" : ""Q7795887"",      ""poilat"" : ""1.3254"",      ""name"" : ""Thomson Medical Centre"",      ""addr_street"" : ""Thomson Road"",      ""amenity"" : ""hospital"",      ""poilon"" : ""103.84146"",      ""addr_housenumber"" : ""339"",      ""building"" : ""hospital"",      ""id"" : ""252835078"",      ""poidist"" : ""0"",      ""healthcare"" : ""hospital""   },   ""longt"" : ""103.84148"",   ""remaining_credits"" : {},   ""confidence"" : ""1"",   ""inlongt"" : ""103.84148"",   ""class"" : {},   ""adminareas"" : {      ""admin6"" : {         ""wikidata"" : ""Q2544592"",         ""source"" : ""https://www.cdc.org.sg/CentralSingapore/About_Us/Our_District"",         ""name"" : ""Central"",         ""ISO3166_2"" : ""SG-01"",         ""admin_level"" : ""6"",         ""level"" : ""6"",         ""boundary"" : ""administrative"",         ""type"" : ""boundary""      }   },   ""altgeocode"" : ""VALUTH-EQNVT""}"
YISHUN COMMUNITY HOSPITAL, 2 YISHUN CENTRAL 2 Singapore 768024,768024,55,"{   ""statename"" : {},   ""distance"" : ""0.000"",   ""elevation"" : ""15"",   ""osmtags"" : {      ""wikipedia"" : ""en:North West Community Development Council"",      ""wikidata"" : ""Q5784118"",      ""source"" : ""https://www.cdc.org.sg/NorthWest/About_Us/Our_District"",      ""name"" : ""Northwest"",      ""name_zh"" : ""西北区"",      ""ISO3166_2"" : ""SG-03"",      ""admin_level"" : ""6"",      ""boundary"" : ""administrative"",      ""type"" : ""boundary""   },   ""state"" : {},   ""latt"" : ""1.42377"",   ""city"" : ""Singapore"",   ""prov"" : ""SG"",   ""intersection"" : {      ""distance"" : ""0.104"",      ""xlat"" : ""1.422845"",      ""xlon"" : ""103.83735"",      ""street2"" : ""Khatib Bongsu Park Connector"",      ""street1"" : ""Yishun Central""   },   ""geocode"" : ""SIN-URARK"",   ""geonumber"" : ""5071990632524"",   ""country"" : ""Singapore"",   ""stnumber"" : ""2"",   ""staddress"" : ""YISHUN CENTRAL 2"",   ""inlatt"" : ""1.42377"",   ""alt"" : {      ""loc"" : {         ""staddress"" : ""YISHUN CENTRAL 2"",         ""stnumber"" : ""2"",         ""postal"" : ""768024"",         ""latt"" : ""1.42377"",         ""city"" : ""Singapore"",         ""prov"" : {},         ""longt"" : ""103.83724"",         ""class"" : {}      }   },   ""timezone"" : ""Asia/Singapore"",   ""region"" : {},   ""postal"" : ""768024"",   ""poi"" : {      ""poilat"" : ""1.42403"",      ""name"" : ""Yishun Community Hospital"",      ""amenity"" : ""hospital"",      ""emergency"" : ""yes"",      ""poilon"" : ""103.8372"",      ""id"" : ""117178559"",      ""healthcare"" : ""hospital"",      ""poidist"" : ""0.029""   },   ""longt"" : ""103.83724"",   ""remaining_credits"" : {},   ""confidence"" : ""1"",   ""inlongt"" : ""103.83724"",   ""class"" : {},   ""adminareas"" : {      ""admin6"" : {         ""wikipedia"" : ""en:North West Community Development Council"",         ""wikidata"" : ""Q5784118"",         ""source"" : ""https://www.cdc.org.sg/NorthWest/About_Us/Our_District"",         ""name"" : ""Northwest"",         ""name_zh"" : ""西北区"",         ""ISO3166_2"" : ""SG-03"",         ""admin_level"" : ""6"",         ""level"" : ""6"",         ""boundary"" : ""administrative"",         ""type"" : ""boundary""      }   },   ""altgeocode"" : ""NEESOON-URARK""}"
